{"cameraMode":{"drawMode":0,"name":"Shaded","section":"Shading Mode"},"sceneLighting":true,"audioPlay":false,"sceneViewState":{"m_AlwaysRefresh":false,"showFog":true,"showSkybox":true,"showFlares":true,"showImageEffects":true,"showParticleSystems":true,"showVisualEffectGraphs":true,"m_FxEnabled":true},"in2DMode":false,"pivot":{"x":-0.6891421675682068,"y":2.396113395690918,"z":-0.5979373455047607},"rotation":{"x":0.3243520259857178,"y":0.30125173926353457,"z":-0.10979649424552918,"w":0.8899462223052979},"size":23.40622329711914,"orthographic":true}