{"cameraMode":{"drawMode":0,"name":"Shaded","section":"Shading Mode"},"sceneLighting":true,"audioPlay":false,"sceneViewState":{"m_AlwaysRefresh":false,"showFog":true,"showSkybox":true,"showFlares":true,"showImageEffects":true,"showParticleSystems":true,"showVisualEffectGraphs":true,"m_FxEnabled":true},"in2DMode":false,"pivot":{"x":1.377758502960205,"y":2.3497772216796877,"z":0.9164337515830994},"rotation":{"x":0.19108489155769349,"y":0.6982558965682983,"z":-0.20229999721050263,"w":0.6595481038093567},"size":2.6908934116363527,"orthographic":true}